{
    "规则名": "黑料网",
    "规则作者": "PYLB",
    "请求头参数": "手机",
    "网页编码格式": "UTF-8",
    "图片是否需要代理": "0",
    "是否开启获取首页数据": "1",
    "首页推荐链接": "https://97.lutnnf.com/",
    "首页列表数组规则": "body&&.video-list",
    "首页片单列表数组规则": "a",
    "首页片单是否Jsoup写法": "1",
    "分类起始页码": "1",
    "分类链接": "https://97.lutnnf.com/category/{cateId}/{catePg}.html",
    "分类名称": "热点吃瓜&经典大瓜&今日黑料&黑料历史&每日热瓜&独家爆料&网红明星&反差女友&校园政坛&性爱课堂&奇闻异事",
    "分类名称替换词": "7&8&6&10&11&9&1&4&2&12&3",
    "筛选数据": {},
    //"筛选数据": "ext",
    //{cateId}
    "筛选子分类名称": "",
    "筛选子分类替换词": "",
    //{class}
    "筛选类型名称": "",
    "筛选类型替换词": "*",
    //{area}
    "筛选地区名称": "",
    "筛选地区替换词": "*",
    //{year}
    "筛选年份名称": "",
    "筛选年份替换词": "*",
    //{lang}
    "筛选语言名称": "",
    "筛选语言替换词": "*",
    //{by}
    "筛选排序名称": "",
    "筛选排序替换词": "",
    "分类截取模式": "1",
    "分类列表数组规则": ".video-list&&a",
    "分类片单是否Jsoup写法": "1",
    "分类片单标题": ".title&&Text",
    "分类片单链接": "a&&href",
    "分类片单图片": ".img src&&onload",
    "分类片单副标题": "",
    "分类片单链接加前缀": "https://97.lutnnf.com",
    "分类片单链接加后缀": "",
    "搜索请求头参数": "",
    "搜索链接": "",
    "POST请求数据": "",
    "搜索截取模式": "",
    "搜索列表数组规则": "",
    "搜索片单是否Jsoup写法": "",
    "搜索片单图片": "",
    "搜索片单标题": "",
    "搜索片单链接": "",
    "搜索片单副标题": "",
    "搜索片单链接加前缀": "",
    "搜索片单链接加后缀": "",
    "链接是否直接播放": "",
    "直接播放链接加前缀": "",
    "直接播放链接加后缀": "",
    "直接播放直链视频请求头": "",
    "详情是否Jsoup写法": "1",
    "类型详情": "",
    "年代详情": "",
    "地区详情": "",
    "演员详情": "",
    "简介详情": "",
    "线路列表数组规则": "",
    "线路标题": "",
    "播放列表数组规则": "body&&.dplayer-video-wrap",
    "选集列表数组规则": "",
    "选集标题链接是否Jsoup写法": "1",
    "选集标题": "",
    "选集链接": "video&&src",
    "是否反转选集序列": "0",
    "选集链接加前缀": "",
    "选集链接加后缀": "",
    "分析MacPlayer": "0",
    "是否开启手动嗅探": "0",
    "手动嗅探视频链接关键词": ".mp4#.m3u8#.flv#video/tos",
    "手动嗅探视频链接过滤词": ".html#=http"
}