{
  "classes": [

{"type_name": "英语","type_id": "英语学习"},
{"type_name": "西班牙语","type_id": "西班牙语"},
{"type_name": "法语","type_id": "法语"},
{"type_name": "德语","type_id": "德语"},
{"type_name": "俄语","type_id": "俄语"},
{"type_name": "韩语","type_id": "韩语"},
{"type_name": "日语","type_id": "日语"},
{"type_name": "阿拉伯语","type_id": "阿拉伯语"},
{"type_name": "意大利语","type_id": "意大利语"}
],
  
"cookie": "http://127.0.0.1:9978/file/TVBox/Bilibili/cookie.txt",
  
  "filter":{

"英语学习": [
{"key": "order","name": "排序","value": [
{"n": "综合排序","v": "0"},
{"n": "最多点击","v": "click"},
{"n": "最新发布","v": "pubdate"},
{"n": "最多弹幕","v": "dm"},
{"n": "最多收藏","v": "stow"}]},
{"key": "tid","name": "分类","value": [
{"n": "英语语法","v": "英语语法"},
{"n": "英语口语","v": "英语口语"},
{"n": "英语基础","v": "英语基础"},
{"n": "英语字母","v": "英语字母"},
{"n": "英语词汇","v": "英语词汇"},
{"n": "英语听力","v": "英语听力"},
{"n": "英语考试","v": "英语考试"}]},

{"key": "duration","name": "时长","value": [
{"n": "全部时长","v": "0"},
{"n": "60分钟以上","v": "4"},
{"n": "30~60分钟","v": "3"},
{"n": "10~30分钟","v": "2"},
{"n": "10分钟以下","v": "1"}
]}
],
"法语": [
{"key": "order","name": "排序","value": [
{"n": "综合排序","v": "0"},
{"n": "最多点击","v": "click"},
{"n": "最新发布","v": "pubdate"},
{"n": "最多弹幕","v": "dm"},
{"n": "最多收藏","v": "stow"}]},
{"key": "tid","name": "分类","value": [
{"n": "法语语法","v": "法语语法"},
{"n": "法语口语","v": "法语口语"},
{"n": "法语基础","v": "法语基础"},
{"n": "法语字母","v": "法语字母"},
{"n": "法语词汇","v": "法语词汇"},
{"n": "法语听力","v": "法语听力"},
{"n": "法语考试","v": "法语考试"}]},

{"key": "duration","name": "时长","value": [
{"n": "全部时长","v": "0"},
{"n": "60分钟以上","v": "4"},
{"n": "30~60分钟","v": "3"},
{"n": "10~30分钟","v": "2"},
{"n": "10分钟以下","v": "1"}
]}
],


"西班牙语": [
{"key": "order","name": "排序","value": [
{"n": "综合排序","v": "0"},
{"n": "最多点击","v": "click"},
{"n": "最新发布","v": "pubdate"},
{"n": "最多弹幕","v": "dm"},
{"n": "最多收藏","v": "stow"}]},
{"key": "tid","name": "分类","value": [
{"n": "西班牙语语法","v": "西班牙语语法"},
{"n": "西班牙语口语","v": "西班牙语口语"},
{"n": "西班牙语基础","v": "西班牙语基础"},
{"n": "西班牙语字母","v": "西班牙语字母"},
{"n": "西班牙语词汇","v": "西班牙语词汇"},
{"n": "西班牙语听力","v": "西班牙语听力"},
{"n": "西班牙语考试","v": "西班牙语考试"}]},

{"key": "duration","name": "时长","value": [
{"n": "全部时长","v": "0"},
{"n": "60分钟以上","v": "4"},
{"n": "30~60分钟","v": "3"},
{"n": "10~30分钟","v": "2"},
{"n": "10分钟以下","v": "1"}
]}
],

"德语": [
{"key": "order","name": "排序","value": [
{"n": "综合排序","v": "0"},
{"n": "最多点击","v": "click"},
{"n": "最新发布","v": "pubdate"},
{"n": "最多弹幕","v": "dm"},
{"n": "最多收藏","v": "stow"}]},
{"key": "tid","name": "分类","value": [
{"n": "德语语法","v": "德语语法"},
{"n": "德语口语","v": "德语口语"},
{"n": "德语基础","v": "德语基础"},
{"n": "德语字母","v": "德语字母"},
{"n": "德语词汇","v": "德语词汇"},
{"n": "德语听力","v": "德语听力"},
{"n": "德语考试","v": "德语考试"}]},

{"key": "duration","name": "时长","value": [
{"n": "全部时长","v": "0"},
{"n": "60分钟以上","v": "4"},
{"n": "30~60分钟","v": "3"},
{"n": "10~30分钟","v": "2"},
{"n": "10分钟以下","v": "1"}
]}
],

"日语": [
{"key": "order","name": "排序","value": [
{"n": "综合排序","v": "0"},
{"n": "最多点击","v": "click"},
{"n": "最新发布","v": "pubdate"},
{"n": "最多弹幕","v": "dm"},
{"n": "最多收藏","v": "stow"}]},
{"key": "tid","name": "分类","value": [
{"n": "日语语法","v": "日语语法"},
{"n": "日语口语","v": "日语口语"},
{"n": "日语基础","v": "日语基础"},
{"n": "日语字母","v": "日语字母"},
{"n": "日语词汇","v": "日语词汇"},
{"n": "日语听力","v": "日语听力"},
{"n": "日语考试","v": "日语考试"}]},

{"key": "duration","name": "时长","value": [
{"n": "全部时长","v": "0"},
{"n": "60分钟以上","v": "4"},
{"n": "30~60分钟","v": "3"},
{"n": "10~30分钟","v": "2"},
{"n": "10分钟以下","v": "1"}
]}
],

"韩语": [
{"key": "order","name": "排序","value": [
{"n": "综合排序","v": "0"},
{"n": "最多点击","v": "click"},
{"n": "最新发布","v": "pubdate"},
{"n": "最多弹幕","v": "dm"},
{"n": "最多收藏","v": "stow"}]},
{"key": "tid","name": "分类","value": [
{"n": "韩语语法","v": "韩语语法"},
{"n": "韩语口语","v": "韩语口语"},
{"n": "韩语基础","v": "韩语基础"},
{"n": "韩语字母","v": "韩语字母"},
{"n": "韩语词汇","v": "韩语词汇"},
{"n": "韩语听力","v": "韩语听力"},
{"n": "韩语考试","v": "韩语考试"}]},

{"key": "duration","name": "时长","value": [
{"n": "全部时长","v": "0"},
{"n": "60分钟以上","v": "4"},
{"n": "30~60分钟","v": "3"},
{"n": "10~30分钟","v": "2"},
{"n": "10分钟以下","v": "1"}
]}
],
"意大利语": [
{"key": "order","name": "排序","value": [
{"n": "综合排序","v": "0"},
{"n": "最多点击","v": "click"},
{"n": "最新发布","v": "pubdate"},
{"n": "最多弹幕","v": "dm"},
{"n": "最多收藏","v": "stow"}]},
{"key": "tid","name": "分类","value": [
{"n": "意大利语语法","v": "意大利语语法"},
{"n": "意大利语口语","v": "意大利语口语"},
{"n": "意大利语基础","v": "意大利语基础"},
{"n": "意大利语字母","v": "意大利语字母"},
{"n": "意大利语词汇","v": "意大利语词汇"},
{"n": "意大利语听力","v": "意大利语听力"},
{"n": "意大利语考试","v": "意大利语考试"}]},

{"key": "duration","name": "时长","value": [
{"n": "全部时长","v": "0"},
{"n": "60分钟以上","v": "4"},
{"n": "30~60分钟","v": "3"},
{"n": "10~30分钟","v": "2"},
{"n": "10分钟以下","v": "1"}
]}
],
"俄语": [
{"key": "order","name": "排序","value": [
{"n": "综合排序","v": "0"},
{"n": "最多点击","v": "click"},
{"n": "最新发布","v": "pubdate"},
{"n": "最多弹幕","v": "dm"},
{"n": "最多收藏","v": "stow"}]},
{"key": "tid","name": "分类","value": [
{"n": "俄语语法","v": "俄语语法"},
{"n": "俄语口语","v": "俄语口语"},
{"n": "俄语基础","v": "俄语基础"},
{"n": "俄语字母","v": "俄语字母"},
{"n": "俄语词汇","v": "俄语词汇"},
{"n": "俄语听力","v": "俄语听力"},
{"n": "俄语考试","v": "俄语考试"}]},
{"key": "duration","name": "时长","value": [
{"n": "全部时长","v": "0"},
{"n": "60分钟以上","v": "4"},
{"n": "30~60分钟","v": "3"},
{"n": "10~30分钟","v": "2"},
{"n": "10分钟以下","v": "1"}
]}
],

"阿拉伯语": [
{"key": "order","name": "排序","value": [
{"n": "综合排序","v": "0"},
{"n": "最多点击","v": "click"},
{"n": "最新发布","v": "pubdate"},
{"n": "最多弹幕","v": "dm"},
{"n": "最多收藏","v": "stow"}]},
{"key": "tid","name": "分类","value": [
{"n": "阿拉伯语语法","v": "阿拉伯语语法"},
{"n": "阿拉伯语口语","v": "阿拉伯语口语"},
{"n": "阿拉伯语基础","v": "阿拉伯语基础"},
{"n": "阿拉伯语字母","v": "阿拉伯语字母"},
{"n": "阿拉伯语词汇","v": "阿拉伯语词汇"},
{"n": "阿拉伯语听力","v": "阿拉伯语听力"},
{"n": "阿拉伯语考试","v": "阿拉伯语考试"}]},

{"key": "duration","name": "时长","value": [
{"n": "全部时长","v": "0"},
{"n": "60分钟以上","v": "4"},
{"n": "30~60分钟","v": "3"},
{"n": "10~30分钟","v": "2"},
{"n": "10分钟以下","v": "1"}]}]
}}
