{
  "classes": [
   
{"type_name": "舞蹈","type_id": "舞蹈"},
{"type_name": "宅舞","type_id": "宅舞"},
{"type_name": "街舞","type_id": "街舞"},
{"type_name": "拉丁","type_id": "拉丁舞蹈"},
{"type_name": "探戈","type_id": "探戈"},
{"type_name": "印度舞蹈","type_id": "印度舞蹈"},
{"type_name": "中国女团","type_id": "中国女团"},
{"type_name": "韩国女团","type_id": "韩国女团"},
{"type_name": "日本女团","type_id": "日本女团"}
    ],
    
   "cookie": "http://127.0.0.1:9978/file/TVBox/Bilibili/cookie.txt",


  "filter": {"舞蹈": [
{"key": "order","name": "排序","value": [
{"n": "综合排序","v": "0"},
{"n": "最多点击","v": "click"},
{"n": "最新发布","v": "pubdate"},
{"n": "最多弹幕","v": "dm"},
{"n": "最多收藏","v": "stow"}
]},
{"key": "tid","name": "分类","value": [
{"n": "街舞","v": "街舞"},
{"n": "宅舞","v": "宅舞"},
{"n": "拉丁","v": "拉丁舞蹈"},
{"n": "探戈","v": "探戈"},
{"n": "印度舞蹈","v": "印度舞蹈"},
{"n": "中国女团","v": "中国女团"},
{"n": "日本女团","v": "日本女团"},
{"n": "韩国女团","v": "韩国女团"}
]},

{"key": "duration","name": "时长","value": [
{"n": "全部时长","v": "0"},
{"n": "60分钟以上","v": "4"},
{"n": "30~60分钟","v": "3"},
{"n": "10~30分钟","v": "2"},
{"n": "10分钟以下","v": "1"}

]}]
}}
