{
  "classes": [
{"type_name": "B笔记本维厮","type_id": "笔记本维厮"},
{"type_name": "D大大的小番茄","type_id": "大大的小番茄"}
  ],
  
"cookie": "http://127.0.0.1:9978/file/TVBox/Bilibili/cookie.txt",
  "filter": {
    "笔记本维厮": [
{"key": "duration","name": "时长","value": [
{"n": "全部","v": "0"},
{"n": "60分钟以上","v": "4"},
{"n": "30~60分钟","v": "3"},
{"n": "10~30分钟","v": "2"},
{"n": "10分钟以下","v": "1"}
        ]}],
    "大大的小番茄": [
{"key": "duration","name": "时长","value": [
{"n": "全部","v": "0"},
{"n": "60分钟以上","v": "4"},
{"n": "30~60分钟","v": "3"},
{"n": "10~30分钟","v": "2"},
{"n": "10分钟以下","v": "1"}
        ]}]
 }}